{"mean": [27.420717197846876, 64.89775347496001, 6.49612574762944], "scale": [10.009894120127825, 20.200181954696756, 1.1557207150140014], "numeric_cols": ["Temperature", "Humidity", "pH_Value"]}